"CUST_ID","SIGNUP_D","LAST_SEEN","TOTAL_SPEND","TRANSACTION_COUNT","USER_LOCATION","IS_ACTIVE_USER"
"user-LWe-489","2024-06-24","2025-01-18","2235.45","","Tucson, AZ","True"
"user-bHK-819","May 03, 2024","2025-07-12","1605.32","48.0","Las Vegas, NV","False"
"user-dqG-149","2023-11-27","07/26/25","1281.1","6.0","Oakland, CA","True"
"user-XuA-719","2024-03-04","2025-05-02","934.06","17.0","Washington, DC","True"
"user-ZtL-666","2023-03-25","10/20/24","1658.95","72.0","Baltimore, MD","False"
"user-yfx-912","May 25, 2024","03/24/25","2109.74","31.0","Dallas, TX","True"
"user-Lug-188","November 05, 2023","11/26/24","1419.84","23.0","Oklahoma City","False"
"user-idx-555","2023-01-04","pending","$2361.19","53.0","Fort Worth","True"
"user-oOq-729","05/01/23","2025-04-07","493.18","61.0","Portland, OR","False"
"user-DAp-725","November 17, 2022","04/30/25","1522.1","17.0","Detroit","True"
"user-UtH-581","06/03/24","2025-07-07","623.73","57.0","Seattle","False"
"user-aZr-894","02/23/23","May 15, 2025","1296.96","33.0","Austin, TX","True"
"user-KVb-502","January 01, 2023","August 21, 2024","1663.27","35.0","Philadelphia, PA",""
"user-NLH-994","December 14, 2023","08/25/24","2135.1","59.0","Mesa, AZ",""
"user-oht-726","2022-09-26","pending","1710.32","2.0","Washington","True"
"user-ICj-718","05/10/23","2024-09-22","104.72","50.0","Raleigh, NC","False"
"user-GrX-241","2023-10-25","March 27, 2025","755.04","28.0","Houston, TX","True"
"user-teU-815","2023-12-24","05/10/25","2279.42","39.0","Milwaukee, WI","False"
"user-YhZ-193","12/24/22","April 29, 2025","140.02","42.0","","False"
"user-xPE-505","2023-02-20","2024-08-04","1471.92","32.0","Fresno, CA","False"
"user-bMZ-107","2022-11-24","03/09/25","2091.57","28.0","Colorado Springs, CO","False"
"user-EFY-223","03/21/23","September 15, 2024","510.11","51.0","Baltimore, md","True"
"user-fGT-873","2023-12-21","March 22, 2025","2001.14","","San Diego, CA","True"
"user-EAp-890","2023-04-10","2025-04-05","2207.4","11.0","Las Vegas, NV","True"
"user-hlD-438","12/23/23","2024-09-30","1012.22","70.0","Las Vegas, NV","False"
"user-Ygo-712","October 03, 2023","2024-09-07","1636.58","52.0","Sacramento, CA","False"
"user-Gba-410","September 21, 2023","07/30/24","964.03","4.0","Austin, TX","True"
"user-Unn-342","2023-11-14","09/12/24","515.79","15.0","Milwaukee","False"
"user-rJS-670","October 14, 2022","06/23/25","659.5","3.0","Tulsa, OK","False"
"user-ARM-496","2024-02-03","02/20/25","2055.38","1.0","Los Angeles, CA","True"
"user-xCZ-496","not-a-date","pending","2429.15","","Louisville, KY","True"
"user-fkW-630","July 08, 2023","March 23, 2025","561.46","22.0","Jacksonville, FL","False"
"user-Tss-768","2023-04-20","03/29/25","2272.79","3.0","Tulsa, OK","False"
"user-MvC-640","09/27/23","January 23, 2025","1971.5","72.0","Virginia Beach, VA","True"
"user-cFh-590","01/23/24","September 29, 2024","$181.74","21.0","Chicago, il","False"
"user-wLP-861","01/10/24","May 28, 2025","581.13","1.0","San Jose, CA","False"
"user-opz-852","07/09/23","12/08/24","$1866.03","46.0","Detroit, MI","False"
"user-sqp-311","2023-12-24","pending","1371.07","28.0","New York, NY","False"
"user-QhE-745","2024-04-05","2024-12-27","$1264.82","8.0","Oklahoma City, ok","False"
"user-OZh-740","2024-04-06","01/08/25","1516.15","65.0","Boston, MA","True"
"user-WNA-922","February 04, 2023","March 15, 2025","2131.37","10.0","San Diego, CA","True"
"user-qQO-360","December 05, 2023","01/08/25","2121.78","50.0","Mesa, AZ","True"
"user-Exk-574","March 06, 2023","October 10, 2024","1858.03","60.0","Tucson, AZ","True"
"user-pFE-839","September 24, 2022","2024-09-10","91.0","24.0","Albuquerque, NM","False"
"user-xke-111","February 08, 2023","June 08, 2025","2306.15","9.0","Austin, TX","False"
"user-MrH-710","2024-05-13","2025-01-20","2036.2","26.0","Fresno, CA","True"
"user-Qfw-897","2023-01-30","October 05, 2024","1416.83","54.0","Baltimore, MD","True"
"user-RbQ-608","02/21/23","09/17/24","1864.87","49.0","Philadelphia, PA","False"
"user-JcG-867","2023-11-08","2025-02-18","2472.48","54.0","Indianapolis, IN","False"
"user-gME-223","07/26/23","2024-12-30","1138.84","75.0","Albuquerque, NM","False"
"user-OAQ-285","2022-11-15","05/30/25","1993.93","2.0","Oklahoma City, OK",""
"user-PAd-953","June 05, 2024","July 07, 2025","2484.0","42.0","Oklahoma City, OK","True"
"user-Avk-203","January 31, 2023","2024-08-26","1432.58","11.0","Phoenix, AZ",""
"user-VrJ-752","10/11/23","11/12/24","1747.42","52.0","Memphis, TN","True"
"user-iEc-291","11/23/22","06/11/25","1223.61","45.0","","True"
"user-BTg-772","2024-03-27","2024-11-22","178.92","43.0","New York, NY","True"
"user-Cro-368","April 26, 2024","2024-11-13","947.85","15.0","Tucson, AZ","True"
"user-BTI-371","June 19, 2024","2025-05-26","1910.26","31.0","San Diego, CA","True"
"user-dXl-206","September 19, 2023","2024-12-08","$1200.17","","Albuquerque, NM","False"
"user-oTu-195","September 09, 2022","12/21/24","275.33","13.0","Albuquerque, NM","True"
"user-QeF-418","2022-09-09","11/03/24","2468.29","67.0","New Orleans, la","True"
"user-uJv-103","not-a-date","11/08/24","905.08","55.0","Las Vegas, nv","True"
"user-IAz-642","2024-05-25","2024-11-19","939.43","52.0","Chicago, il","True"
"user-aZh-563","not-a-date","07/07/25","1079.86","55.0","Denver, co","False"
"user-kMy-220","05/03/23","June 13, 2025","2230.18","30.0","","True"
"user-Qzg-527","05/04/23","2025-06-22","376.58","14.0","Colorado Springs, CO","False"
"user-MCl-654","2024-03-17","March 24, 2025","81.58","","Mesa, AZ","True"
"user-RFG-623","2024-03-23","pending","","16.0","Baltimore, MD","False"
"user-euJ-995","10/26/22","08/20/24","514.43","63.0","Portland, OR","True"
"user-sZF-453","2023-12-03","2025-04-11","266.58","12.0","","True"
"user-NRz-685","03/18/23","2024-12-28","1542.71","52.0","Minneapolis, MN","False"
"user-pKr-128","02/28/23","January 12, 2025","2223.51","13.0","San Diego, CA","True"
"user-lNC-593","April 10, 2024","July 11, 2025","647.53","22.0","San Francisco, CA","False"
"user-krz-184","December 11, 2022","01/02/25","511.8","23.0","Seattle, WA",""
"user-FRS-379","March 22, 2023","July 15, 2025","324.8","44.0","Tucson, AZ","True"
"user-eGh-390","August 22, 2022","July 16, 2025","2134.98","74.0","San Diego, CA","False"
"user-cXI-938","02/16/24","pending","646.85","52.0","Minneapolis, MN","True"
"user-ffV-835","03/09/23","February 08, 2025","1217.33","17.0","Chicago, IL","False"
"user-pHh-671","2024-01-30","2025-01-28","1167.55","22.0","Indianapolis, IN","True"
"user-nXa-562","October 16, 2023","05/03/25","585.39","52.0","Indianapolis, IN","True"
"user-bTx-662","2022-12-24","2024-09-27","911.17","58.0","Austin, TX","False"
"user-VIk-340","May 14, 2024","07/22/25","2103.14","17.0","San Francisco, CA","False"
"user-nIp-806","06/13/23","2025-01-10","341.72","47.0","Mesa, AZ","False"
"user-zgv-843","2023-08-14","11/01/24","","73.0","Chicago, IL","True"
"user-qJn-388","11/08/23","December 31, 2024","2222.0","16.0","Phoenix, AZ","False"
"user-hdO-107","06/03/23","02/14/25","$220.89","","Dallas, tx","False"
"user-Xxx-266","July 15, 2024","10/28/24","1034.21","36.0","Kansas City, MO","False"
"user-phj-381","12/12/23","2025-07-23","$542.72","31.0","Baltimore","True"
"user-bLo-513","February 13, 2023","January 24, 2025","","5.0","Phoenix","False"
"user-BJH-414","July 10, 2023","August 03, 2024","815.76","42.0","San Jose, CA","False"
"user-aOw-865","11/11/22","11/21/24","2280.33","57.0","Phoenix","False"
"user-WJd-644","April 24, 2023","06/18/25","551.24","15.0","Milwaukee, WI","False"
"user-BJV-489","February 15, 2023","June 11, 2025","","18.0","Mesa, AZ","True"
"user-Nvp-330","May 20, 2023","2024-10-24","665.79","41.0","Los Angeles, ca",""
"user-prQ-944","2023-11-16","05/02/25","349.32","23.0","Raleigh, NC","True"
"user-Kbe-470","2023-10-12","11/21/24","1374.85","13.0","Oklahoma City, OK","False"
"user-Bim-493","2022-12-28","May 14, 2025","","52.0","Nashville, TN","False"
"user-QNY-490","January 06, 2024","2024-08-26","$107.56","10.0","Los Angeles, CA","True"
"user-ElZ-328","January 21, 2023","02/10/25","2235.94","30.0","Los Angeles, ca",""
"user-BeQ-497","06/07/24","2024-09-25","1822.2","50.0","","True"
"user-rXv-161","June 06, 2024","July 26, 2025","606.51","63.0","Austin, tx",""
"user-hth-598","09/25/22","2024-12-22","1102.86","28.0","Seattle, WA","False"
"user-NGO-882","2024-01-28","01/13/25","1194.84","7.0","Baltimore, MD",""
"user-lDv-523","November 16, 2022","September 17, 2024","1255.66","6.0","Indianapolis, IN","True"
"user-pXY-900","02/08/24","2024-12-04","15.32","5.0","Mesa, AZ","True"
"user-CNV-715","04/17/24","19","2218.81","52.0","Milwaukee, WI","True"
"user-JfN-757","06/19/23","2025-06-17","816.99","29.0","","True"
"user-cdQ-709","02/04/24","October 14, 2024","1484.04","56.0","","False"
"user-nKD-124","September 01, 2022","2025-07-26","2477.19","2.0","New York","False"
"user-ZfD-532","August 19, 2023","2025-01-10","813.11","6.0","Oakland, CA","False"
"user-Tev-368","March 24, 2024","07/30/24","2372.42","15.0","Minneapolis, MN","False"
"user-vxy-320","August 08, 2023","November 07, 2024","389.8","15.0","Louisville, KY","False"
"user-Nrp-658","02/25/24","2025-02-13","$668.80","","Las Vegas, NV","True"
"user-eZt-270","2023-04-18","2024-09-02","909.87","68.0","Dallas, TX","False"
"user-pEC-214","March 22, 2023","2025-04-05","","23.0","Albuquerque, NM","True"
"user-Fae-800","not-a-date","04/13/25","1929.4","19.0","Detroit, MI","False"
"user-HEb-393","2024-05-22","02/27/25","","11.0","Miami, FL","False"
"user-ltm-422","2023-09-21","May 01, 2025","532.56","43.0","San Jose, CA","True"
"user-Uvz-303","2023-04-08","pending","712.53","72.0","San Francisco, CA","False"
"user-oxg-621","2024-05-31","September 11, 2024","1002.41","75.0","Philadelphia, PA","True"
"user-Cvq-935","2024-07-04","2025-04-08","1989.02","23.0","Detroit","False"
"user-GpN-338","2024-01-15","07/30/25","1086.01","49.0","Mesa, AZ","False"
"user-dTG-707","07/03/24","2024-10-20","1327.62","53.0","Omaha, NE","True"
"user-ypD-338","July 13, 2024","2024-09-07","826.09","75.0","Houston, TX","False"
"user-cLQ-800","2024-01-01","October 22, 2024","786.84","1.0","Charlotte, NC","True"
"user-jNA-468","2024-05-14","June 03, 2025","1410.97","48.0","Memphis, TN","False"
"user-kvO-905","05/01/24","2025-06-16","1289.8","11.0","","False"
"user-zGh-523","October 10, 2022","06/03/25","684.11","0.0","Sacramento, ca","False"
"user-QWG-830","09/10/23","August 03, 2024","135.0","21.0","Sacramento, CA","True"
"user-nob-362","2022-11-07","pending","388.08","43.0","Oklahoma City, OK","False"
"user-LZi-597","July 11, 2023","02/11/25","197.56","31.0","",""
"user-bXM-177","09/04/23","2025-04-26","707.14","27.0","","True"
"user-MpC-694","2024-05-13","08/03/24","1704.46","52.0","Indianapolis, IN","True"
"user-Shz-304","October 04, 2023","December 22, 2024","2170.54","27.0","Atlanta, GA","False"
"user-qbf-452","2023-12-04","pending","2117.06","33.0","Washington, DC","False"
"user-iCv-775","05/14/24","2025-02-02","58.06","34.0","San Diego, CA","False"
"user-Iym-485","2024-01-28","April 05, 2025","1012.78","55.0","Tucson, AZ","False"
"user-RKn-342","2024-06-04","05/29/25","784.89","2.0","Virginia Beach, va","True"
"user-MZz-901","not-a-date","10","1425.76","75.0","Kansas City","False"
"user-aTW-278","2022-10-29","2025-03-25","968.31","52.0","New York, NY","True"
"user-amC-791","02/18/23","2025-04-16","91.24","42.0","Sacramento, CA","True"
"user-vQp-796","2024-05-20","2025-04-22","1224.52","51.0","Minneapolis, MN","False"
"user-aVD-765","06/13/24","2024-12-26","598.32","52.0","Baltimore","False"
"user-Xto-325","2024-04-06","May 17, 2025","$856.04","42.0","Houston, TX","True"
"user-EXc-861","03/06/23","2025-07-15","2242.68","11.0","Denver, CO","False"
"user-PLD-253","February 24, 2024","2024-11-24","1518.56","40.0","Atlanta, GA","False"
"user-Ofu-521","08/23/23","07/06/25","2334.43","15.0","Memphis, TN","False"
"user-gyp-196","2024-03-14","2024-09-02","2393.64","30.0","Jacksonville, fl","False"
"user-rAA-663","October 20, 2022","2025-02-21","2097.35","37.0","Arlington, tx","True"
"user-Qzj-245","July 30, 2023","May 07, 2025","2450.93","33.0","Fort Worth, TX","False"
"user-yed-176","2023-07-29","01/24/25","1785.2","14.0","Raleigh, NC","True"
"user-kTA-939","2024-05-12","pending","$770.23","54.0","New Orleans, LA","True"
"user-mhM-202","2022-09-13","June 03, 2025","968.09","7.0","Dallas, TX","True"
"user-UeQ-412","2023-12-28","December 20, 2024","","25.0","Detroit, mi","False"
"user-rdu-855","10/18/23","06/13/25","1787.49","5.0","Houston, TX","False"
"user-FLU-927","2023-06-05","August 24, 2024","1396.76","20.0","Atlanta, GA","True"
"user-SzU-809","September 17, 2022","December 18, 2024","1423.94","6.0","Sacramento, CA","False"
"user-Qqa-985","July 19, 2023","06/17/25","1357.62","11.0","Houston, TX","True"
"user-iYW-762","2023-03-28","May 09, 2025","1125.4","26.0","Portland, OR","False"
"user-nJS-740","09/01/23","pending","1870.38","53.0","Kansas City, mo","True"
"user-VMp-527","March 29, 2024","08/03/24","2268.93","43.0","Las Vegas, NV","False"
"user-bqg-940","October 19, 2022","11/09/24","2261.69","27.0","Minneapolis","False"
"user-miC-699","March 26, 2024","2025-07-16","$1710.54","","San Diego, CA","True"
"user-bxZ-777","October 27, 2022","2025-03-14","1039.58","25.0","Las Vegas, NV","False"
"user-zKY-316","08/25/23","January 09, 2025","245.02","18.0","Fresno, CA","False"
"user-UEc-686","December 24, 2023","October 20, 2024","1844.44","20.0","Boston, MA","True"
"user-IPq-567","October 17, 2022","2025-04-22","2235.42","49.0","","True"
"user-eZf-330","not-a-date","September 10, 2024","12.57","11.0","San Jose","True"
"user-jZz-837","December 09, 2022","2025-07-10","1757.27","","","True"
"user-oAu-340","05/02/24","pending","1960.88","8.0","Louisville, KY","False"
"user-vyK-100","not-a-date","December 20, 2024","1591.63","12.0","Atlanta","False"
"user-Gly-494","July 20, 2023","2024-08-07","1591.34","19.0","Detroit, MI","False"
"user-gOi-230","February 19, 2024","2024-11-14","1626.26","58.0","Oakland, CA","True"
"user-vUK-356","02/05/23","10/29/24","$349.79","73.0","Los Angeles, ca","True"
"user-eKG-869","June 03, 2023","June 20, 2025","","31.0","San Francisco, CA","False"
"user-bLE-985","June 20, 2023","July 15, 2025","1245.06","63.0","Chicago, IL","True"
"user-ofb-439","October 16, 2022","pending","","40.0","Charlotte, NC","True"
"user-NzI-845","July 23, 2023","2025-04-22","1061.84","24.0","Charlotte, NC","False"
"user-rvQ-209","July 07, 2024","November 28, 2024","693.25","28.0","New York, NY","True"
"user-aTh-535","2024-06-08","2025-04-05","460.87","5.0","Houston, TX","True"
"user-zcN-463","2024-03-21","2025-01-13","","27.0","Oakland, CA","False"
"user-lTD-410","April 09, 2024","07/18/25","1269.57","49.0","Raleigh, NC","False"
"user-RgX-538","2023-06-09","July 30, 2025","2034.96","49.0","Baltimore","False"
"user-tFY-833","2023-01-19","05/24/25","589.42","20.0","New York, NY","False"
"user-Fns-354","09/29/22","12/21/24","1161.63","","Seattle, WA","True"
"user-aQM-604","December 19, 2022","07/23/25","1059.06","35.0","Washington, DC","True"
"user-BIu-195","not-a-date","2025-03-02","2195.04","59.0","Dallas, TX","True"
"user-ocG-345","November 13, 2023","2024-12-28","$494.08","38.0","Miami, FL","False"
"user-dBw-834","May 06, 2023","06/14/25","","73.0","Kansas City, MO","True"
"user-Uwp-776","January 18, 2024","October 14, 2024","1145.72","9.0","Indianapolis, IN","False"
"user-rHq-771","02/29/24","04/26/25","1166.1","31.0","Kansas City, MO","False"
"user-mJe-353","March 02, 2023","2025-07-25","2129.75","0.0","Virginia Beach, VA","False"
"user-KQw-754","September 02, 2022","2024-11-16","2112.88","27.0","Colorado Springs, CO","True"
"user-XIP-788","not-a-date","January 03, 2025","552.47","53.0","Houston, TX","False"
"user-Jhc-861","September 02, 2022","06/23/25","1338.85","21.0","Omaha, NE","False"
"user-MAp-473","04/16/23","10/16/24","341.77","41.0","Tulsa, OK","True"
"user-cOq-488","2023-09-04","2024-08-29","1449.55","67.0","Detroit, mi","False"
"user-ucN-227","April 13, 2023","06/23/25","1518.54","","Houston, TX","False"
"user-jCB-585","2023-02-07","2024-08-17","1167.68","20.0","Detroit, MI","False"
"user-Oko-453","2023-03-12","pending","923.69","63.0","Baltimore, MD","False"
"user-JlE-724","08/25/23","11/08/24","$926.25","16.0","Virginia Beach, VA","False"
"user-Dsd-934","June 02, 2024","2024-09-15","","17.0","Dallas, TX","False"
"user-dDr-809","December 08, 2022","November 30, 2024","1974.1","66.0","Tucson, AZ","True"
"user-JDQ-807","04/11/24","2025-04-10","1778.18","43.0","Austin, TX","True"
"user-tWN-404","2023-07-03","2024-12-14","1728.15","8.0","Minneapolis, MN","False"
"user-WDu-370","2022-12-20","October 23, 2024","1779.29","66.0","Seattle, wa","False"
"user-Get-337","04/28/23","17","546.3","44.0","Los Angeles, CA","False"
"user-hvi-272","not-a-date","2025-07-13","","28.0","Baltimore, MD","False"
"user-fgq-864","10/02/22","2024-10-25","966.7","69.0","Chicago, IL","False"
"user-bWK-635","November 16, 2023","September 17, 2024","","11.0","Louisville, KY","False"
"user-MWe-416","2023-07-05","October 18, 2024","2299.5","5.0","Houston, TX","False"
"user-rGn-664","2023-06-10","February 22, 2025","$770.02","","Atlanta, GA","False"
"user-RhL-365","12/23/23","04/18/25","172.99","71.0","Portland, OR","False"
"user-eOm-404","August 28, 2022","2025-04-14","","69.0","Dallas, TX","True"
"user-hKD-594","June 04, 2024","07/05/25","218.69","46.0","Miami","True"
"user-eaB-648","2022-10-15","pending","929.04","63.0","Tucson, AZ","True"
"user-uvV-858","December 29, 2022","pending","687.24","8.0","Atlanta, GA","False"
"user-FEp-621","2023-05-16","2024-12-07","679.42","68.0","Washington, DC","False"
"user-rUW-491","2024-02-09","August 31, 2024","1172.18","52.0","Columbus, OH","True"
"user-Snh-966","2022-08-20","01/17/25","2121.97","28.0","Phoenix, AZ","False"
"user-pdT-846","05/08/23","pending","$2210.66","59.0","Las Vegas, NV","True"
"user-vKA-126","April 11, 2023","05/04/25","1875.83","56.0","Minneapolis, MN","False"
"user-Sty-529","2023-06-27","2025-05-20","920.34","50.0","Minneapolis, MN","True"
"user-rvW-294","02/03/24","10/30/24","","26.0","Tulsa, OK","True"
"user-bZW-194","01/21/24","12","874.02","65.0","Memphis, TN","True"
"user-hfJ-681","02/28/24","2025-03-10","1218.37","71.0","Los Angeles, CA","True"
"user-kXS-693","2023-01-13","04/03/25","1120.6","30.0","El Paso, TX","True"
"user-Dow-926","July 06, 2024","2024-11-24","2202.45","32.0","Tucson, AZ","False"
"user-WJg-379","10/09/23","December 14, 2024","2390.4","59.0","Nashville, TN","False"
"user-DkU-103","November 12, 2023","2025-06-27","1879.38","","Virginia Beach, va","True"
"user-uPz-956","2023-05-13","2025-03-26","683.3","34.0","","False"
"user-gkI-705","2024-03-02","2025-02-18","1819.31","57.0","Atlanta, GA","False"
"user-SXQ-400","03/23/23","05/13/25","$1374.00","63.0","San Antonio, TX","False"
"user-IPE-341","01/27/24","May 15, 2025","1689.6","71.0","Memphis","False"
"user-nqB-983","09/06/22","01/18/25","1195.68","50.0","Detroit, MI","True"
"user-VzQ-143","July 12, 2024","November 14, 2024","2097.12","26.0","Miami, FL","True"
"user-KBf-144","2023-02-20","08/26/24","985.84","31.0","Los Angeles, CA","False"
"user-WMx-872","12/26/23","03/14/25","1577.47","","Tucson, AZ","False"
"user-RYQ-258","May 25, 2023","11","1347.5","14.0","Nashville, TN","True"
"user-rIq-991","2023-05-04","2024-10-21","1620.71","69.0","Detroit, MI","False"
"user-OLM-565","December 30, 2023","March 14, 2025","2318.39","58.0","New Orleans, la","False"
"user-ddJ-596","04/03/23","2024-08-03","763.52","20.0","San Antonio, TX","True"
"user-uZY-722","2024-07-22","2025-01-14","262.67","26.0","Tulsa, OK","False"
"user-GtM-379","not-a-date","10/15/24","914.37","64.0","","True"
"user-nSR-679","08/02/22","09/03/24","2398.64","32.0","Charlotte, NC","False"
"user-Uwb-181","not-a-date","08/14/24","625.45","11.0","","True"
"user-WHd-517","May 29, 2024","October 10, 2024","2094.65","25.0","El Paso, TX","True"
"user-sTQ-507","04/26/24","10/18/24","2371.59","31.0","Nashville, TN","True"
"user-dcG-841","10/31/23","05/24/25","2017.8","10.0","Mesa, AZ","True"
"user-ZBP-229","August 05, 2023","2024-08-24","1766.84","1.0","Raleigh, nc","False"
"user-uWP-517","2023-01-15","2024-11-04","1728.32","22.0","Memphis, TN","False"
"user-IhN-263","12/25/22","04/14/25","2055.6","7.0","Chicago, IL","False"
"user-WFi-530","01/03/23","January 21, 2025","761.06","40.0","San Francisco, CA","True"
"user-NBJ-366","09/15/23","07/24/25","1626.91","1.0","Fort Worth, TX","False"
"user-hyN-975","05/05/23","2024-12-01","828.47","55.0","El Paso, TX","False"
"user-DXC-443","02/08/23","09/12/24","619.24","24.0","San Antonio, TX","True"
"user-dbv-878","12/15/23","2025-04-27","1888.59","61.0","El Paso, TX","False"
"user-OlA-455","03/20/23","05/27/25","890.2","34.0","Tulsa, OK","False"
"user-Nwx-605","02/26/23","January 20, 2025","1045.52","27.0","Omaha","False"
"user-TJG-172","August 18, 2023","September 26, 2024","$179.36","14.0","","True"
"user-AJg-936","07/09/24","2025-07-07","1162.56","0.0","Houston, TX","True"
"user-USh-950","August 19, 2023","pending","259.17","1.0","Denver, co","True"
"user-jHI-487","January 13, 2023","2024-11-12","1345.22","9.0","Indianapolis, IN","True"
"user-veX-752","August 28, 2022","December 17, 2024","1784.01","18.0","San Jose, CA","False"
"user-Akj-357","09/07/22","2025-06-18","2118.28","","","False"
"user-CDX-722","2023-09-01","06/18/25","1256.33","22.0","Las Vegas, NV","False"
"user-rcU-304","11/03/23","September 10, 2024","1076.99","14.0","Baltimore, MD","True"
"user-zBn-378","10/07/22","2025-05-31","2053.72","37.0","Denver, CO","True"
"user-Eyx-702","April 07, 2024","2025-02-09","767.91","23.0","Boston, MA","True"
"user-zVM-590","2023-07-27","05/02/25","659.76","26.0","Chicago, IL","True"
"user-kwQ-573","2023-12-09","2025-06-27","1244.52","43.0","San Antonio, TX","True"
"user-ixG-791","January 17, 2024","22","2292.37","69.0","","True"
"user-vhd-980","2022-10-29","December 10, 2024","184.58","48.0","Fresno, CA","True"
"user-ErX-466","09/17/23","September 21, 2024","807.85","64.0","Miami, FL","True"
"user-EzY-673","04/06/24","2024-12-24","270.32","19.0","Jacksonville, FL","False"
"user-ETV-752","11/09/23","03/01/25","2263.06","34.0","New York, NY","True"
"user-DIW-787","January 04, 2023","pending","","0.0","Los Angeles, ca","True"
"user-pHw-940","2023-09-14","08/13/24","","51.0","Oakland, ca","True"
"user-JeE-896","May 19, 2023","09/05/24","755.71","53.0","Oakland","True"
"user-xgC-360","not-a-date","01/25/25","499.42","36.0","Phoenix, az","True"
"user-GOe-705","July 20, 2023","2024-11-03","1041.41","16.0","","False"
"user-Qwn-818","July 25, 2024","2024-09-15","435.94","55.0","Austin","False"
"user-qHS-110","03/17/23","09/28/24","2083.76","47.0","Tucson, AZ",""
"user-cVa-373","09/17/23","2025-01-05","2456.31","46.0","Philadelphia, PA","False"
"user-XCn-328","July 20, 2023","11/19/24","","59.0","Houston, TX","False"
"user-vEO-744","2023-07-05","2025-05-08","2445.13","29.0","Tucson, AZ","False"
"user-NPC-783","February 10, 2023","2025-03-22","","1.0","San Diego","True"
"user-Zwf-977","2023-11-15","12/02/24","1819.79","29.0","Minneapolis, MN","False"
"user-izZ-722","06/05/24","08/16/24","674.56","10.0","Houston, TX","False"
"user-xNe-804","not-a-date","pending","1941.28","9.0","Washington, DC",""
"user-ViH-636","September 19, 2023","05/17/25","81.13","9.0","","False"
"user-OUU-621","2023-01-14","2025-02-07","2285.74","51.0","","True"
"user-cwC-317","2023-09-13","2025-07-04","1546.86","41.0","Denver, CO","False"
"user-iqK-668","January 28, 2024","December 23, 2024","","70.0","Colorado Springs, CO","True"
"user-oDX-252","November 16, 2022","03/26/25","738.17","35.0","El Paso, TX","True"
"user-skc-572","05/02/23","2025-05-30","6.44","","Oakland, CA","False"
"user-dSG-244","July 04, 2023","08/17/24","1673.63","55.0","Oakland, CA","True"
"user-UoS-304","02/20/24","June 15, 2025","2152.72","30.0","Milwaukee, WI","False"
"user-vEA-847","2024-05-01","2025-01-06","614.38","48.0","Dallas, TX","True"
"user-PMU-460","2023-11-23","11/11/24","","38.0","Dallas, TX","True"
"user-Jop-233","2023-09-01","July 08, 2025","177.74","12.0","Virginia Beach, VA","False"
"user-BtO-559","11/13/22","10/26/24","889.05","6.0","Sacramento, CA","True"
"user-Qio-617","04/26/23","September 29, 2024","1780.48","35.0","Dallas, TX","True"
"user-GHY-957","10/18/22","July 27, 2025","1839.84","6.0","San Diego, CA","True"
"user-emE-125","May 08, 2023","2025-04-28","2452.8","2.0","Virginia Beach, VA","True"
"user-vJZ-726","November 04, 2022","2024-12-15","1839.95","37.0","Jacksonville, FL","False"
"user-wDD-680","07/14/24","2025-06-12","1980.82","21.0","Philadelphia, PA","False"
"user-neU-648","06/08/23","2025-03-11","","45.0","Minneapolis, MN","False"
"user-LTS-740","11/09/23","August 23, 2024","397.01","6.0","Baltimore, MD","False"
"user-reG-906","05/03/24","pending","573.53","8.0","Washington, DC","False"
"user-tEm-256","07/16/24","2025-06-21","2495.87","4.0","","False"
"user-KsK-557","2023-09-15","04/26/25","637.17","33.0","Houston, TX","False"
"user-eJb-739","2023-06-17","08/31/24","$201.61","71.0","Oklahoma City, OK","False"
"user-KzO-350","07/21/24","pending","","","Albuquerque, NM","True"
"user-ZEe-340","January 17, 2023","November 14, 2024","2347.8","12.0","Los Angeles, CA","True"
"user-JGQ-583","November 03, 2022","August 11, 2024","84.9","47.0","Kansas City","False"
"user-aiF-360","2022-12-10","2024-12-13","","64.0","Oklahoma City, OK","False"
"user-BKd-617","2023-09-10","2024-11-30","$451.56","54.0","Minneapolis, MN","False"
"user-UTN-695","2024-05-14","2025-06-12","","19.0","New Orleans, LA","True"
"user-ZLR-750","November 24, 2022","September 12, 2024","1369.14","6.0","Los Angeles, ca","False"
"user-jRL-779","2023-06-01","06/26/25","316.08","17.0","","False"
"user-gpZ-657","08/09/22","12/19/24","420.83","66.0","San Jose, CA","True"
"user-uut-988","2023-07-17","02/11/25","862.51","59.0","Tucson, AZ","True"
"user-teA-924","April 08, 2023","2024-09-03","","24.0","Oklahoma City","False"
"user-ILB-661","2022-10-16","May 08, 2025","$1572.05","53.0","Fort Worth, TX","False"
"user-wAb-458","2023-08-10","09/28/24","$2451.95","49.0","San Francisco, ca","True"
"user-jJu-807","December 21, 2022","05/13/25","284.98","46.0","Las Vegas","False"
"user-onT-993","01/04/23","05/09/25","647.29","8.0","Indianapolis, in","False"
"user-XLz-425","05/22/24","2025-06-08","587.54","20.0","","True"
"user-RrB-103","06/08/23","2024-09-08","","","Albuquerque, NM","True"
"user-Zem-427","November 11, 2022","13","1458.78","64.0","Charlotte, NC","True"
"user-JVF-539","October 27, 2023","pending","2081.2","13.0","Dallas, TX","True"
"user-AMA-673","02/07/23","2024-11-16","1243.76","48.0","","False"
"user-esm-939","June 23, 2023","January 04, 2025","$426.26","25.0","Atlanta, GA","True"
"user-VkF-183","2022-08-23","January 17, 2025","","21.0","Jacksonville, FL","True"
"user-xje-372","03/21/24","October 10, 2024","225.84","68.0","Milwaukee, wi","True"
"user-Ruy-322","2023-07-10","March 26, 2025","1716.12","4.0","Chicago, IL","False"
"user-TOy-520","09/11/23","2025-06-09","1316.68","39.0","Austin, TX","False"
"user-TIP-915","2024-04-21","2025-04-02","$810.09","74.0","Detroit, MI","False"
"user-Bci-725","01/02/24","09/23/24","2326.4","73.0","Boston, MA","True"
"user-MOc-825","April 30, 2023","05/06/25","937.56","19.0","Kansas City, MO",""
"user-Bpd-725","09/02/22","April 16, 2025","1629.62","","Miami, FL","False"
"user-bHo-852","02/03/24","April 23, 2025","2344.96","65.0","Los Angeles, CA","True"
"user-kij-962","2023-03-10","2025-03-24","264.73","19.0","Sacramento, CA","True"
"user-MIl-508","February 15, 2023","04/07/25","928.65","67.0","Phoenix, AZ","False"
"user-GuW-628","November 14, 2023","05/20/25","","","Sacramento, CA","True"
"user-CND-762","2022-10-04","2025-02-14","1966.07","49.0","Virginia Beach, VA","True"
"user-lje-973","September 19, 2023","2025-04-17","$1179.27","36.0","Denver, CO","True"
"user-GGs-239","January 13, 2023","10/28/24","654.56","26.0","Miami, FL","False"
"user-FLx-517","2022-10-22","07/05/25","","25.0","Albuquerque, NM","False"
"user-kYy-376","09/25/23","05/02/25","1900.42","","Arlington, TX","False"
"user-yIi-539","2022-09-19","11/05/24","2043.22","39.0","San Jose, CA","True"
"user-bRo-677","07/05/23","September 27, 2024","926.0","72.0","Indianapolis, IN","True"
"user-cKV-633","August 16, 2023","2025-01-23","684.45","71.0","Omaha, ne","False"
"user-Bul-510","2023-11-29","May 22, 2025","2363.06","70.0","New York, NY","True"
"user-Rrp-709","May 15, 2024","12/24/24","776.62","55.0","Boston, MA","True"
"user-BpP-532","03/23/23","pending","1575.12","43.0","Portland, OR","False"
"user-tUR-968","July 04, 2023","pending","483.03","39.0","Seattle, WA","True"
"user-sKR-880","2023-03-06","07/21/25","571.22","69.0","Tulsa, OK","False"
"user-eEO-929","April 28, 2023","2025-05-10","470.85","18.0","Jacksonville, FL","True"
"user-erT-148","October 08, 2022","10/21/24","247.6","8.0","Omaha, ne",""
"user-hoa-747","November 29, 2023","08/05/24","1687.91","1.0","Milwaukee, wi","False"
"user-FRo-461","November 17, 2023","October 20, 2024","1142.06","24.0","Phoenix, AZ","True"
"user-hjm-650","06/23/24","2024-10-02","906.68","11.0","Chicago, IL","True"
"user-rjK-134","April 09, 2023","02/27/25","","56.0","Fresno, CA","False"
"user-WCU-536","07/07/23","01/04/25","1958.48","30.0","Colorado Springs, CO","True"
"user-zhn-845","October 23, 2022","2025-04-08","247.06","45.0","Mesa, AZ","True"
"user-uHq-702","2023-07-13","May 01, 2025","980.14","70.0","Raleigh, NC","True"
"user-MGl-277","04/20/23","06/12/25","1249.49","10.0","Kansas City, MO","False"
"user-kTH-141","07/25/24","08/03/24","1768.74","48.0","Milwaukee, WI","True"
"user-agi-601","11/12/23","12/16/24","694.39","7.0","Seattle, wa","True"
"user-Zdf-869","2023-06-19","10/13/24","850.03","44.0","Dallas, TX","False"
"user-KIg-909","March 25, 2023","pending","2160.48","3.0","Las Vegas, NV","True"
"user-ReW-682","2024-05-11","June 07, 2025","$1973.42","57.0","Fresno, CA","False"
"user-GTG-458","November 03, 2022","2024-12-28","","42.0","Louisville, KY",""
"user-UuW-554","April 23, 2023","2024-09-14","1394.77","44.0","Atlanta, GA","False"
"user-KfE-278","April 10, 2024","July 27, 2025","1132.43","7.0","Oklahoma City, OK","True"
"user-iqd-738","2022-11-13","2024-11-01","2015.11","23.0","Houston","False"
"user-WAW-907","2023-01-05","January 15, 2025","878.11","37.0","Indianapolis, IN","True"
"user-Zbb-620","2022-11-01","December 01, 2024","$996.53","54.0","Indianapolis, IN","True"
"user-mXQ-212","March 08, 2023","14","336.56","51.0","Houston, TX","False"
"user-yNG-159","July 13, 2023","2024-10-16","969.53","20.0","San Antonio, TX","False"
"user-Pba-520","March 07, 2023","11/20/24","1917.96","14.0","Memphis, TN","False"
"user-KdO-440","May 04, 2023","2024-11-09","","9.0","Jacksonville, FL","True"
"user-oYf-876","2022-10-28","March 16, 2025","72.38","8.0","Tucson, AZ","True"
"user-UVx-407","March 23, 2024","10/15/24","1235.45","15.0","San Jose, CA","True"
"user-VHg-238","05/15/24","2025-05-27","629.48","7.0","Fort Worth, tx","False"
"user-hVu-380","February 07, 2023","2024-09-28","2312.07","20.0","Houston, TX","True"
"user-IqM-473","2023-06-28","2024-12-29","1071.74","62.0","Las Vegas, NV","False"
"user-zja-415","2022-12-03","pending","738.55","23.0","Atlanta, GA","True"
"user-dYM-926","not-a-date","12/29/24","2138.76","52.0","Virginia Beach, VA","False"
"user-HiT-649","2022-08-17","November 30, 2024","2087.35","7.0","Tulsa, OK","True"
"user-Odz-518","November 07, 2023","August 17, 2024","990.44","70.0","Baltimore, MD","False"
"user-rQb-565","2023-03-11","10/08/24","1527.32","25.0","Tulsa, OK","True"
"user-cTu-874","December 25, 2022","02/15/25","933.64","11.0","Virginia Beach, VA","True"
"user-Cpm-674","2024-07-17","2024-11-08","1876.62","38.0","Virginia Beach, VA","True"
"user-cCb-472","02/10/24","2025-04-20","1780.27","67.0","Chicago, il",""
"user-ugf-899","01/31/23","2024-10-10","1635.44","46.0","Los Angeles, CA","False"
"user-mbb-595","12/03/22","2025-04-25","1667.54","11.0","San Jose, CA","True"
"user-jEz-991","08/29/23","2025-02-15","608.48","50.0","Portland, OR","True"
"user-iaT-520","April 24, 2024","25","","68.0","Colorado Springs, CO","False"
"user-DIg-877","October 29, 2023","2025-07-21","$346.75","12.0","El Paso, TX","True"
"user-sVL-645","April 16, 2023","06/03/25","192.73","14.0","Fort Worth, tx","True"
"user-Rvk-869","not-a-date","February 11, 2025","1787.89","43.0","Baltimore, MD","True"
"user-oAY-875","04/09/23","2025-05-15","1996.59","20.0","San Francisco, CA","True"
"user-DFd-110","2023-01-28","12/31/24","98.51","26.0","Albuquerque, NM","True"
"user-sHV-853","2023-10-15","08/27/24","1435.55","25.0","Denver, CO",""
"user-DdL-321","2024-05-31","09/14/24","","10.0","El Paso, TX","True"
"user-SRW-554","03/08/23","2025-07-26","","50.0","Washington, DC","True"
"user-HDk-685","01/09/23","June 21, 2025","1817.87","9.0","New York, NY","True"
"user-itW-326","2024-02-21","May 22, 2025","$1564.29","16.0","Jacksonville, FL","False"
"user-fgS-716","2023-07-17","March 26, 2025","1375.95","3.0","Arlington, tx","False"
"user-HiU-869","04/23/24","August 29, 2024","1829.84","27.0","Denver, CO","True"
"user-wuO-864","2023-02-08","2024-12-13","2365.59","26.0","New Orleans, LA","True"
"user-yBX-995","05/04/23","2025-05-23","","62.0","Fort Worth, tx","False"
"user-CgC-887","01/29/24","2025-07-27","2070.08","54.0","Denver, CO","False"
"user-iGS-706","February 27, 2023","09/07/24","1833.77","51.0","Sacramento, CA","True"
"user-Rcj-971","10/23/23","2024-10-02","1476.22","46.0","Miami, FL","True"
"user-pXq-342","2024-05-26","pending","251.16","8.0","Fresno, CA","False"
"user-HKA-138","not-a-date","23","1716.98","19.0","Indianapolis, IN","False"
"user-deV-672","03/27/24","2024-10-21","903.38","59.0","Detroit, MI","True"
"user-XRy-476","2023-09-07","May 27, 2025","2021.57","20.0","New Orleans, LA","False"
"user-FyF-645","April 23, 2024","03/05/25","151.96","65.0","Miami, FL",""
"user-Xwz-486","2022-12-12","September 18, 2024","1410.5","38.0","Baltimore, MD","False"
"user-yjI-167","2023-08-15","2024-10-14","158.66","36.0","Washington, DC","True"
"user-Gwg-495","2023-02-19","August 26, 2024","593.33","70.0","Fresno, ca","False"
"user-OlJ-644","June 03, 2023","December 02, 2024","1599.67","7.0","Louisville, KY","True"
"user-QOL-569","2023-05-24","2025-07-13","$2154.75","62.0","Baltimore, MD","True"
"user-IVs-958","01/01/24","2024-10-18","1927.04","9.0","Columbus, OH","False"
"user-jQk-543","05/10/23","May 22, 2025","1445.5","14.0","Dallas, TX","True"
"user-gUM-813","06/07/23","July 24, 2025","1116.69","32.0","","False"
"user-XSn-445","2023-08-16","29","750.16","57.0","Boston","False"
"user-LkX-607","July 12, 2023","12/30/24","357.11","60.0","","False"
"user-NHJ-144","July 01, 2024","02/14/25","545.84","7.0","Mesa, AZ","True"
"user-uVs-281","08/26/22","03/14/25","2366.39","38.0","San Diego, CA","True"
"user-zWU-248","June 15, 2024","11/06/24","","0.0","Tucson, AZ","True"
"user-lkl-426","October 19, 2022","12/18/24","","59.0","San Antonio, TX","False"
"user-VdW-996","2022-09-11","12/21/24","","45.0","San Antonio, TX","True"
"user-bHJ-916","08/26/23","09/30/24","2303.56","40.0","San Antonio, TX","True"
"user-XhG-620","2023-01-25","pending","1723.66","32.0","Houston, TX",""
"user-JSo-165","07/03/23","02/03/25","2337.07","53.0","Phoenix, AZ","True"
"user-QUt-291","not-a-date","2025-06-15","","66.0","Portland","True"
"user-CDJ-429","2023-03-14","March 24, 2025","559.07","","Chicago, IL","False"
"user-rWm-212","October 06, 2023","03/15/25","","36.0","Mesa, AZ","True"
"user-Fzr-811","April 27, 2024","February 06, 2025","30.43","52.0","Philadelphia, PA","True"
"user-yhC-855","2022-08-13","2024-08-26","325.64","11.0","San Antonio, TX","False"
"user-ryS-360","2023-04-14","26","118.9","57.0","Memphis, TN","False"
"user-nXd-255","2022-10-31","January 31, 2025","$2371.88","39.0","Sacramento, ca","False"
"user-Pim-557","01/19/24","2024-12-03","1716.82","74.0","San Jose, CA","True"
"user-bZd-997","2023-09-06","February 12, 2025","276.16","37.0","Memphis, TN","False"
"user-aMe-916","10/13/23","April 05, 2025","$1945.40","62.0","Washington","False"
"user-DHU-769","October 02, 2023","12/13/24","651.35","50.0","Atlanta, GA","False"
"user-wfJ-909","2023-01-10","07/09/25","2305.34","60.0","Sacramento, ca","True"
"user-JJk-143","April 23, 2024","11/06/24","","36.0","Colorado Springs","True"
"user-mdm-383","12/18/23","2024-08-12","117.46","39.0","Albuquerque, NM","False"
"user-FoP-956","10/13/23","08/07/24","719.01","8.0","Mesa, AZ",""
"user-VqF-246","not-a-date","February 27, 2025","","71.0","","True"
"user-glm-298","2022-08-16","2025-07-24","994.97","32.0","Louisville, KY","False"
"user-SZb-625","2023-04-28","10/30/24","588.76","13.0","San Diego, CA","False"
"user-LLb-462","August 13, 2023","July 18, 2025","796.49","28.0","Atlanta, GA","False"
"user-Aab-818","2023-01-06","June 20, 2025","725.96","25.0","Seattle, wa","True"
"user-NNY-992","2024-07-11","2024-10-14","2284.42","","Washington, dc","False"
"user-nxV-165","2024-05-10","pending","1874.15","33.0","Los Angeles, CA","False"
"user-fSw-226","12/21/23","08/05/24","2248.29","10.0","Miami, fl","True"
"user-ZrE-432","11/03/23","November 15, 2024","2307.23","31.0","Kansas City, MO","True"
"user-vKo-806","09/29/23","2024-08-14","$2308.13","54.0","Virginia Beach, VA","True"
"user-DgK-723","09/08/22","2024-09-26","872.68","40.0","Kansas City, MO","True"
"user-ODj-141","12/27/23","10/27/24","2166.22","37.0","San Jose, CA","False"
"user-Nir-825","2022-11-27","2024-10-12","$2394.57","","Austin, TX","True"
"user-DLv-866","not-a-date","2025-01-01","2363.3","61.0","Indianapolis, IN","False"
"user-eHW-283","04/03/24","05/02/25","2216.77","28.0","El Paso, TX","False"
"user-MLA-933","11/02/23","2024-08-24","2386.67","43.0","Houston, TX","False"
"user-HBG-968","2024-01-03","2025-07-28","","14.0","Chicago, IL","False"
"user-vKc-203","2023-07-20","December 02, 2024","618.72","","Philadelphia","False"
"user-YgV-228","May 26, 2024","03/10/25","1572.06","35.0","Minneapolis, MN",""
"user-VeL-466","01/15/23","08/03/24","2144.26","59.0","Houston, TX","True"
"user-Oax-338","November 07, 2022","07/20/25","986.4","15.0","Albuquerque, NM","False"
"user-biQ-137","December 12, 2023","02/25/25","","57.0","Boston, MA","True"
"user-Xpy-825","September 01, 2023","October 23, 2024","1045.66","24.0","Arlington, TX","False"
"user-jxD-255","December 20, 2023","2025-05-22","1100.72","26.0","Atlanta, GA","False"
"user-nwO-725","December 10, 2022","October 22, 2024","234.64","8.0","Fort Worth, TX","True"
"user-fcN-626","January 25, 2023","2025-03-18","1543.01","3.0","Portland, OR","False"
"user-KBK-414","November 06, 2023","03/09/25","","13.0","","False"
"user-rOu-418","06/16/23","2024-08-25","2037.8","75.0","Dallas, TX","False"
"user-QMD-510","October 26, 2022","2024-09-01","223.74","39.0","Columbus, OH","False"
"user-DyG-601","2022-11-28","02/17/25","","69.0","Tulsa, OK","False"
"user-apS-530","2024-02-18","09/29/24","1697.78","39.0","","True"
"user-yyG-473","2022-10-05","06/22/25","1857.49","37.0","Houston, TX","True"
"user-dbs-383","May 12, 2023","2025-01-30","560.32","11.0","Philadelphia, PA","False"
"user-Egc-185","June 18, 2023","02/21/25","2366.07","","Los Angeles, CA","True"
"user-pWa-291","01/16/23","January 07, 2025","2133.88","10.0","New Orleans, LA","False"
"user-uch-402","09/28/22","02/08/25","11.23","2.0","Oklahoma City","True"
"user-RPV-239","2024-01-26","October 27, 2024","1444.28","36.0","San Francisco, CA","True"
"user-hjy-831","2023-04-23","01/20/25","1554.72","57.0","Miami, FL","False"
"user-TlN-388","2022-12-18","2025-07-07","19.81","21.0","Omaha, NE","True"
"user-SGx-340","2024-02-17","September 11, 2024","2233.39","","Albuquerque, NM","True"
"user-Qhx-647","03/08/24","06/09/25","358.95","","Jacksonville, FL","True"
"user-qig-691","2023-04-24","2024-11-17","516.51","64.0","Jacksonville, FL","False"
"user-nJz-187","2022-09-24","09/09/24","$870.57","17.0","","False"
"user-NJD-738","2022-11-26","2024-11-22","858.86","65.0","Atlanta, GA","False"
"user-Fjp-591","April 26, 2024","June 11, 2025","1370.93","48.0","Philadelphia, PA","True"
"user-GEb-826","November 04, 2022","February 12, 2025","2349.36","63.0","Atlanta, GA","False"
"user-Lph-705","06/06/24","06/01/25","974.2","68.0","Oklahoma City, OK","True"
"user-woz-962","02/05/23","2024-10-12","","0.0","Memphis","False"
"user-heF-709","10/18/23","pending","1324.37","39.0","Columbus, oh","True"
"user-HUn-495","August 24, 2022","March 17, 2025","2157.19","59.0","Nashville, tn","True"
"user-xjB-916","not-a-date","2025-02-12","1088.16","9.0","Baltimore, MD","False"
"user-zrD-571","August 25, 2022","04/18/25","1504.23","42.0","",""
"user-WuQ-160","07/13/23","May 11, 2025","1893.62","38.0","Atlanta, GA","False"
"user-aTA-122","2022-12-08","September 02, 2024","2397.15","46.0","Kansas City, MO","False"
"user-Fdz-606","April 02, 2024","pending","2098.67","35.0","Columbus, OH","True"
"user-wjb-704","08/16/23","11/04/24","28.49","8.0","Arlington, TX","True"
"user-THL-753","12/31/23","January 13, 2025","1794.48","","Philadelphia, pa","False"
"user-mQn-707","09/24/23","2024-10-21","1920.32","59.0","Oklahoma City, OK","False"
"user-Lza-417","April 10, 2023","07/11/25","1318.83","59.0","Mesa, AZ","False"
"user-BuL-622","September 07, 2022","2025-05-23","1542.38","35.0","Minneapolis, MN","False"
"user-omo-305","09/20/22","11/17/24","$476.63","","Dallas, TX","True"
"user-lYx-684","not-a-date","06/15/25","$736.80","39.0","Indianapolis, in","True"
"user-XFV-634","October 17, 2022","08/26/24","$2327.60","9.0","San Francisco, CA","True"
"user-EEt-189","12/09/23","2025-02-22","1285.74","46.0","Washington, DC","True"
"user-VQl-400","2023-10-07","12/15/24","$719.22","66.0","New York, NY","False"
"user-laC-898","2024-03-25","January 06, 2025","1884.17","9.0","Fort Worth, TX","False"
"user-dsO-699","July 30, 2023","2025-05-10","$700.92","12.0","Minneapolis, MN","True"
"user-QFj-281","August 23, 2023","2025-05-26","745.42","68.0","Austin, tx","True"
"user-jnm-700","2023-06-20","May 08, 2025","800.11","15.0","Austin, TX","True"
"user-ZMh-518","not-a-date","2025-01-20","585.23","5.0","Detroit, MI","False"
"user-MQf-852","2023-02-12","07/27/25","2359.71","36.0","Fresno, CA","False"
"user-IWA-823","2024-06-05","12/20/24","2130.17","1.0","Raleigh, NC","False"
"user-JWI-398","August 07, 2023","2025-07-11","654.46","20.0","Columbus, OH","False"
"user-bEE-342","May 04, 2024","May 12, 2025","156.88","16.0","Oklahoma City","True"
"user-FBD-536","February 29, 2024","2024-12-07","690.41","15.0","San Francisco, CA","False"
"user-rBp-401","02/15/24","2024-09-14","2264.48","4.0","Seattle, WA",""
"user-tJM-149","02/25/24","18","1217.1","48.0","Oklahoma City, OK","True"
"user-eKM-330","2023-08-03","pending","892.94","37.0","Colorado Springs, CO","False"
"user-gCn-578","April 14, 2024","2025-04-08","836.53","39.0","Oklahoma City, OK","False"
"user-zfZ-776","August 13, 2022","30","81.08","30.0","San Jose, CA",""
"user-sTp-525","08/04/22","2024-08-20","941.48","18.0","Washington, DC","True"
"user-Fwd-174","03/10/23","07/22/25","1335.56","17.0","Albuquerque, NM","True"
"user-BTZ-269","2023-05-04","October 10, 2024","1564.04","66.0","Baltimore, MD","True"
"user-sqY-284","November 17, 2023","April 10, 2025","","11.0","Fort Worth, TX","True"
"user-Iev-924","01/03/24","2024-12-14","$381.71","33.0","Phoenix, AZ","True"
"user-Ack-513","2023-02-01","26","2236.69","32.0","Philadelphia, PA","True"
"user-Rvh-795","10/10/22","2024-09-04","137.05","21.0","Mesa","True"
"user-liO-340","2024-03-05","May 13, 2025","414.9","5.0","Tulsa, ok","True"
"user-sUx-799","2024-01-03","2025-07-15","917.24","43.0","Fort Worth, TX","True"
"user-MjO-299","April 13, 2024","pending","1268.21","22.0","Washington, DC","False"
"user-nVV-230","November 21, 2023","September 10, 2024","1902.95","45.0","San Diego, CA","True"
"user-oPd-232","not-a-date","pending","1436.01","30.0","New Orleans, LA","False"
"user-iea-118","August 15, 2023","2025-05-30","1907.37","34.0","Tulsa, OK","True"
"user-oJt-943","08/19/22","2025-03-27","841.61","67.0","Tucson, AZ","False"
"user-Jvk-262","2024-03-19","02/03/25","2488.23","15.0","El Paso, TX","True"
"user-mtv-437","February 15, 2023","10","$1485.24","22.0","Seattle, WA","True"
"user-nVL-456","May 07, 2024","2025-06-11","268.8","","Baltimore, MD","False"
"user-KrA-384","June 02, 2024","April 29, 2025","2433.58","30.0","Fort Worth, TX","False"
"user-diY-868","2023-08-26","06/04/25","13.64","13.0","Dallas, TX","False"
"user-Sqd-858","2023-12-01","December 08, 2024","","0.0","Oakland, CA","True"
"user-oyM-641","2024-02-04","09/28/24","387.45","41.0","Columbus, OH","True"
"user-voE-501","2023-10-05","2025-04-24","988.34","47.0","Raleigh","True"
"user-kVi-803","10/03/22","pending","1572.1","61.0","Nashville, TN","False"
"user-hIr-983","November 30, 2022","2025-05-09","201.17","51.0","Milwaukee, WI","False"
"user-Fij-393","11/21/22","pending","633.59","34.0","Miami, FL","True"
"user-sRQ-222","May 20, 2024","2025-07-05","","60.0","Philadelphia, PA","False"
"user-Yoi-963","2024-01-22","2024-08-24","483.58","6.0","Raleigh, NC","True"
"user-QQM-164","09/02/22","2025-06-14","939.06","42.0","Minneapolis, MN","False"
"user-iLn-921","November 14, 2022","2024-10-08","1818.2","17.0","Milwaukee, WI","False"
"user-xon-852","07/07/24","08/16/24","$1478.54","58.0","Charlotte, nc","False"
"user-zxq-243","07/10/24","02/28/25","1818.09","57.0","Mesa, AZ","True"
"user-Pns-833","2023-03-11","09/22/24","1684.15","19.0","Philadelphia","False"
"user-KTt-824","10/06/23","2025-02-03","144.85","27.0","Tucson, AZ","False"
"user-WVx-721","June 25, 2024","June 29, 2025","1007.57","59.0","Columbus, OH","False"
"user-iwQ-950","02/13/23","2024-08-11","1962.15","46.0","Fort Worth, TX","False"
"user-rhW-586","January 17, 2024","2025-05-03","124.12","43.0","San Antonio, tx","False"
"user-Gos-829","December 15, 2022","2025-03-19","1422.9","15.0","New Orleans, LA",""
"user-qdx-398","August 11, 2022","2024-11-28","2055.85","34.0","Milwaukee, WI","True"
"user-pnz-402","February 14, 2023","July 26, 2025","2380.97","50.0","Milwaukee, WI","False"
"user-xxz-411","not-a-date","2025-05-29","1378.82","2.0","Philadelphia, PA","False"
"user-Obn-402","2023-11-28","05/08/25","$2409.04","35.0","Kansas City, MO","True"
"user-Wrn-542","2023-10-10","pending","1014.81","52.0","Los Angeles, CA","False"
"user-LzO-690","December 03, 2022","09/28/24","206.05","17.0","Portland, OR","False"
"user-FIx-224","10/01/23","January 01, 2025","876.93","7.0","Memphis, TN","True"
"user-wgA-871","October 02, 2022","04/02/25","2077.26","68.0","Oklahoma City, OK","False"
"user-NfH-704","2024-07-07","2025-06-15","1299.21","23.0","Kansas City, MO","True"
"user-DuM-541","2023-01-31","October 12, 2024","1528.38","6.0","Seattle, WA","True"
"user-tDe-611","11/02/23","February 28, 2025","$116.17","58.0","Kansas City, MO","True"
"user-AbC-936","July 16, 2024","07/17/25","1065.73","35.0","","True"
"user-xIq-913","2024-06-03","2024-12-18","282.4","71.0","Baltimore, MD","False"
"user-qEL-215","June 30, 2024","2024-10-27","$2249.14","57.0","Sacramento, CA","False"
"user-dTa-339","2023-06-26","January 01, 2025","2342.44","61.0","Las Vegas, NV","True"
"user-RjM-545","not-a-date","2024-12-20","280.52","45.0","Las Vegas, NV","False"
"user-YAJ-219","October 10, 2022","2024-10-26","1634.99","15.0","Milwaukee, WI","True"
"user-Aiv-231","06/03/23","10/04/24","","60.0","Nashville, TN","True"
"user-RUw-248","not-a-date","2024-08-26","1875.02","29.0","Memphis, TN",""
"user-WhJ-301","not-a-date","2025-07-18","896.02","12.0","Arlington, TX","False"
"user-ysU-533","02/16/24","August 12, 2024","1949.75","44.0","Jacksonville, FL","False"
"user-fQG-939","2023-02-24","07/07/25","1174.67","59.0","New Orleans, LA","False"
"user-VGL-584","07/14/23","04/26/25","1445.31","49.0","Arlington, TX","False"
"user-wZo-109","2023-07-31","2025-03-11","","72.0","Baltimore, MD","True"
"user-CNh-357","January 17, 2023","pending","","","Detroit, MI","True"
"user-YPw-653","10/15/23","2024-09-10","$2366.64","","Columbus, OH","False"
"user-wgh-425","2022-10-13","July 03, 2025","1076.8","67.0","Charlotte, NC","True"
"user-GHJ-830","2023-01-16","2025-04-08","2098.23","40.0","Milwaukee, wi","False"
"user-xsl-733","01/21/23","2025-07-18","2318.3","41.0","Raleigh, NC","False"
"user-BrM-781","June 19, 2024","07/07/25","1192.54","10.0","Mesa, AZ","True"
"user-nKQ-141","03/17/23","December 09, 2024","2457.65","28.0","Virginia Beach, VA","True"
"user-ucS-107","03/26/24","October 29, 2024","696.54","56.0","El Paso, TX","False"
"user-grd-598","05/06/23","15","","70.0","Oakland, CA","True"
"user-GKW-953","May 17, 2024","08/26/24","899.37","19.0","Phoenix, AZ","False"
"user-uWU-862","04/12/23","June 12, 2025","1920.26","4.0","Miami, FL","False"
"user-rba-255","2023-11-10","November 03, 2024","491.93","67.0","Tucson, AZ","True"
"user-cgh-125","10/04/23","12/29/24","2269.08","19.0","Dallas, TX","True"
"user-muR-230","05/11/23","May 04, 2025","$2262.74","69.0","Minneapolis, MN","True"
"user-vmX-378","09/11/22","02/28/25","2466.94","41.0","San Jose, CA","False"
"user-UIK-458","2024-04-22","2025-04-12","$1504.45","45.0","San Diego, CA","True"
"user-qJu-847","12/29/22","07/12/25","1088.83","50.0","Arlington, TX","False"
"user-FOq-481","October 01, 2022","2024-10-14","141.46","34.0","Seattle, WA","False"
"user-jzy-820","2023-05-01","10","657.03","3.0","Fresno, CA","False"
"user-bYd-930","March 01, 2024","March 02, 2025","$2225.01","4.0","Oklahoma City, OK","False"
"user-yjT-636","August 04, 2023","11/14/24","2109.5","48.0","Albuquerque, NM","False"
"user-Fvl-966","06/16/24","02/08/25","1230.45","15.0","Colorado Springs, CO","False"
"user-ILL-882","10/17/22","2025-07-10","550.43","42.0","New Orleans, LA","False"
"user-LEn-970","06/25/23","2024-09-11","142.91","35.0","El Paso, TX","True"
"user-uqj-444","02/18/23","2025-03-16","1773.37","25.0","Jacksonville, FL","True"
"user-hUf-755","06/23/24","06/18/25","1361.45","7.0","Boston, MA","False"
"user-pvi-761","05/31/23","May 08, 2025","541.57","26.0","Atlanta, GA","False"
"user-UOk-607","2022-12-11","2024-09-01","1941.74","50.0","Albuquerque, NM","False"
"user-lpw-211","not-a-date","12/21/24","102.91","19.0","Phoenix, AZ","True"
"user-LmJ-138","August 13, 2023","2025-06-21","1230.77","46.0","Washington, DC","False"
"user-Syl-807","2023-04-29","December 24, 2024","2071.64","2.0","Arlington, TX","False"
"user-OFt-729","10/15/22","April 20, 2025","39.87","20.0","Houston","True"
"user-PFs-606","not-a-date","2025-03-31","1965.4","22.0","Milwaukee, WI","False"
"user-Zcp-943","09/03/22","2025-01-16","856.7","","Arlington, TX","False"
"user-XhR-160","March 03, 2023","2024-11-01","1941.2","61.0","New York, NY","True"
"user-gsB-326","2024-02-22","05/05/25","2278.31","53.0","San Jose","False"
"user-nbU-465","2023-01-29","2024-12-24","171.05","3.0","San Diego, CA","False"
"user-nfe-701","03/13/24","08/08/24","1954.63","20.0","Washington, DC","False"
"user-Zcb-555","not-a-date","09/02/24","1994.7","24.0","Tucson, AZ","True"
"user-uiM-894","2023-08-06","10/20/24","788.77","57.0","New Orleans, LA","False"
"user-yrj-715","12/16/23","November 18, 2024","1510.11","49.0","Baltimore, MD",""
"user-zwo-353","03/10/23","2025-06-08","281.95","31.0","Tucson, AZ","True"
"user-NqO-166","05/17/23","03/04/25","1538.44","40.0","Chicago, IL","True"
"user-tau-478","04/28/24","2025-02-22","2005.77","","Washington, DC","False"
"user-Uib-806","December 25, 2023","03/28/25","234.15","52.0","San Jose, CA","True"
"user-Yui-687","02/14/23","04/03/25","$367.55","22.0","Oklahoma City, OK","True"
"user-Cng-187","September 19, 2022","September 12, 2024","$877.07","","Dallas, TX","False"
"user-Ytf-263","2024-03-09","October 18, 2024","1675.9","27.0","Nashville, TN","False"
"user-Shs-448","October 14, 2022","2024-12-28","1618.14","42.0","","True"
"user-QdT-285","2023-01-25","2024-10-24","1433.34","36.0","Albuquerque, nm","False"
"user-ezJ-898","03/05/23","November 13, 2024","","44.0","Tulsa, OK","False"
"user-eTS-681","not-a-date","20","809.93","56.0","Seattle, WA","True"
"user-Dud-280","2024-06-29","pending","2030.9","7.0","Nashville, TN","True"
"user-cIe-869","February 12, 2024","2025-05-12","603.67","23.0","Fort Worth, TX","True"
"user-Vql-460","July 27, 2024","November 03, 2024","1897.22","38.0","Houston, tx","False"
"user-luO-818","not-a-date","11/26/24","2381.05","34.0","","False"
"user-jlS-578","May 15, 2023","2025-03-21","","70.0","Sacramento, CA","True"
"user-RnM-415","August 04, 2022","pending","450.95","44.0","Boston","True"
"user-zZr-128","2024-05-20","2024-12-30","","63.0","El Paso, TX","True"
"user-DqK-258","2024-06-27","10/03/24","365.58","68.0","Sacramento, CA","False"
"user-Uvm-209","July 26, 2023","07/30/25","867.48","71.0","Fresno, CA","False"
"user-Yyk-592","10/14/22","03/27/25","52.1","66.0","Houston, TX","True"
"user-NYR-898","2023-05-09","13","26.61","24.0","Milwaukee, WI","False"
"user-PrY-495","2023-06-04","January 25, 2025","1531.36","13.0","Milwaukee, WI","True"
"user-GVk-114","2023-08-05","21","","43.0","Colorado Springs, CO","True"
"user-azh-254","05/13/24","02/13/25","2197.06","","Fort Worth, TX","False"
"user-jQx-557","March 12, 2023","January 28, 2025","1609.58","32.0","","True"
"user-QOC-759","03/23/23","January 27, 2025","1189.56","","Minneapolis, MN","True"
"user-YDi-948","2023-04-19","04/04/25","2363.83","40.0","Phoenix, AZ","False"
"user-GtW-615","March 14, 2023","pending","2198.37","69.0","Minneapolis, MN","False"
"user-XXb-106","05/13/24","2025-02-07","17.36","53.0","Atlanta, GA","False"
"user-pXp-345","January 26, 2024","October 29, 2024","1243.93","57.0","Oklahoma City, OK","True"
"user-kVv-955","02/10/23","2024-12-08","284.91","5.0","Virginia Beach, VA","False"
"user-YvG-372","2024-05-07","05/17/25","1319.28","47.0","New York, NY",""
"user-OuK-615","02/24/23","2025-03-04","1201.8","42.0","Jacksonville, FL","True"
"user-gjj-626","2023-08-26","08/25/24","765.68","25.0","Albuquerque, NM","False"
"user-PTA-591","08/18/22","November 08, 2024","702.63","24.0","Charlotte, nc","True"
"user-Szl-998","07/31/23","2025-01-05","1240.36","25.0","","False"
"user-VCC-430","06/15/24","December 21, 2024","759.83","64.0","Sacramento, CA","True"
"user-mvw-465","2022-08-13","11/04/24","16.88","17.0","","True"
"user-zWK-530","08/22/23","07/08/25","2161.71","21.0","San Francisco, CA","False"
"user-YST-694","October 11, 2023","2025-06-27","731.25","74.0","Baltimore, MD","True"
"user-hyA-117","10/29/23","November 24, 2024","363.42","30.0","Dallas, TX","True"
"user-bIw-924","October 28, 2023","10/21/24","429.68","52.0","Las Vegas, NV","True"
"user-EUE-546","not-a-date","July 15, 2025","256.46","30.0","Atlanta, GA","True"
"user-tIg-861","08/10/23","01/04/25","2153.29","5.0","Washington, DC","False"
"user-nip-892","February 23, 2023","05/15/25","","3.0","New Orleans, LA","False"
"user-ZYm-168","12/19/22","pending","1977.88","45.0","Memphis, TN","False"
"user-Xrk-663","June 15, 2023","April 11, 2025","415.28","35.0","Mesa, AZ","True"
"user-gaO-503","2023-07-28","2025-01-05","1296.05","66.0","Dallas, TX","False"
"user-VcP-552","August 18, 2022","06/20/25","672.89","69.0","Seattle, wa","False"
"user-CtL-531","12/08/23","October 15, 2024","1992.04","23.0","Oakland, CA","True"
"user-pbs-501","04/29/24","2025-05-05","1047.5","46.0","Fort Worth, TX","True"
"user-Pkv-577","May 26, 2023","2024-12-15","1344.69","41.0","Fort Worth, TX","True"
"user-xoe-656","February 21, 2023","August 01, 2024","$1369.12","58.0","San Antonio, TX","False"
"user-ZJs-908","11/22/23","pending","1644.39","26.0","Phoenix, AZ","False"
"user-XJs-717","2023-12-12","2024-09-05","1158.18","26.0","Los Angeles, CA","True"
"user-AvA-366","not-a-date","06/18/25","523.72","41.0","Colorado Springs, CO","False"
"user-wUD-898","October 08, 2022","01/15/25","1324.65","0.0","Oakland, CA","True"
"user-WSG-385","12/20/23","2025-03-11","","43.0","New Orleans, LA","True"
"user-AAo-330","2023-11-01","2025-03-26","770.28","","Colorado Springs","True"
"user-uhw-434","December 20, 2022","02/21/25","1604.49","30.0","Philadelphia, PA","True"
"user-oxk-374","March 24, 2023","January 06, 2025","1548.2","0.0","Washington, DC","False"
"user-Szj-823","01/21/23","June 17, 2025","1541.79","26.0","Los Angeles, CA","True"
"user-bqj-300","September 25, 2023","December 27, 2024","$394.46","18.0","Sacramento, CA","False"
"user-tlS-411","11/27/22","May 22, 2025","1408.75","57.0","Atlanta, GA","True"
"user-yVR-219","2023-08-10","2025-03-09","$819.12","58.0","Philadelphia, PA","False"
"user-TSL-141","03/01/24","2025-01-01","831.33","14.0","Columbus, OH","False"
"user-jMU-988","2023-01-18","11/19/24","$376.48","4.0","Detroit, MI","False"
"user-WMm-621","February 10, 2023","06/25/25","523.27","55.0","Arlington, tx","False"
"user-rGT-853","2024-06-13","04/16/25","","17.0","Los Angeles, CA","True"
"user-HBK-294","2024-05-22","06/14/25","1110.64","4.0","Denver, CO","False"
"user-yyh-108","2024-02-14","03/16/25","820.7","74.0","New Orleans, LA","False"
"user-AfI-141","2023-04-07","September 01, 2024","$708.48","54.0","San Jose, ca","True"
"user-hVs-676","11/23/22","August 25, 2024","283.82","73.0","Nashville, TN","True"
"user-GuF-758","05/04/23","December 23, 2024","2211.66","49.0","San Diego, CA",""
"user-fBB-585","July 29, 2023","2025-01-14","","27.0","Fresno, CA","False"
"user-tHb-652","not-a-date","December 24, 2024","573.39","","Los Angeles, CA","True"
"user-naQ-525","2024-04-05","pending","1676.29","53.0","Fresno, ca","True"
"user-SPo-315","2022-11-04","03/06/25","1473.53","42.0","Oakland, ca","True"
"user-WWQ-433","06/17/24","10/28/24","1577.24","74.0","Raleigh, NC","True"
"user-jSu-984","2023-02-26","2024-12-30","$1035.80","60.0","Milwaukee, WI","True"
"user-sUt-498","09/18/22","04/28/25","27.12","63.0","New York, NY",""
"user-VAk-891","09/11/22","01/10/25","1472.7","","","True"
"user-Emd-572","12/14/23","December 28, 2024","$1961.18","49.0","Denver, CO","False"
"user-eBL-907","not-a-date","2025-01-24","1053.16","41.0","","True"
"user-XdY-200","November 13, 2023","2024-09-18","1775.28","","Mesa, az","True"
"user-cjH-799","April 05, 2024","April 24, 2025","2353.15","2.0","Nashville, TN","False"
"user-Whg-371","2024-01-13","October 16, 2024","2040.84","33.0","Nashville, TN","False"
"user-QIu-942","01/21/23","September 23, 2024","655.6","60.0","San Francisco, CA","True"
"user-mSf-357","July 16, 2023","12/28/24","907.96","64.0","Arlington, TX",""
"user-rds-850","2022-08-06","February 10, 2025","$2418.22","32.0","Dallas, tx","False"
"user-ALe-387","2023-04-13","2024-09-23","","11.0","Houston, TX",""
"user-tYf-222","2022-09-23","05/12/25","894.45","9.0","","True"
"user-Xnv-157","12/15/23","11/24/24","","70.0","Denver, CO","False"
"user-UBs-465","08/14/23","17","2417.29","75.0","Dallas, TX","True"
"user-MDi-393","2022-12-31","June 05, 2025","908.96","67.0","Raleigh, nc","False"
"user-MtF-559","January 14, 2023","2025-05-02","","48.0","Virginia Beach","True"
"user-Gqk-249","June 21, 2024","February 20, 2025","1462.19","17.0","Sacramento, CA","False"
"user-NHn-214","02/08/24","2024-09-02","998.44","64.0","Philadelphia, PA","False"
"user-AFr-334","2022-08-12","29","1544.58","67.0","Washington, DC","False"
"user-cVe-388","January 28, 2023","10/06/24","2408.86","33.0","Omaha, NE","True"
"user-jKL-615","2023-11-24","May 12, 2025","622.5","71.0","Minneapolis, MN","False"
"user-isg-444","February 28, 2023","2025-02-05","125.11","63.0","Boston, MA","False"
"user-qZu-993","2023-12-08","02/03/25","$1482.97","9.0","Indianapolis, IN","True"
"user-mTL-735","06/29/24","March 14, 2025","2342.3","3.0","","True"
"user-qkX-719","2024-07-27","April 18, 2025","2178.13","22.0","Tulsa, OK","False"
"user-hUa-339","11/16/22","05/27/25","646.01","67.0","Miami, FL","False"
"user-SGN-172","not-a-date","2025-01-01","$1860.33","54.0","Oakland, CA","False"
"user-blB-855","not-a-date","03/16/25","138.37","60.0","Arlington, TX","True"
"user-rRV-381","11/20/23","06/26/25","1513.75","33.0","Albuquerque, NM","False"
"user-SeL-826","08/22/22","pending","1303.2","15.0","Los Angeles, CA","True"
"user-HrE-944","September 13, 2023","02/26/25","173.61","8.0","Omaha, NE","False"
"user-iem-628","November 06, 2022","June 03, 2025","2376.07","24.0","Portland, OR",""
"user-NYh-248","2022-11-27","05/30/25","2190.38","70.0","Nashville, TN","False"
"user-oGe-946","August 04, 2023","11/22/24","2434.59","56.0","San Jose, CA","False"
"user-ucS-908","2023-05-18","pending","1603.56","10.0","Baltimore, MD","True"
"user-wGZ-424","2022-11-21","December 28, 2024","1629.64","58.0","San Jose, CA","False"
"user-ZcI-151","10/22/22","2024-10-13","424.73","62.0","","True"
"user-CVK-743","06/28/23","03/23/25","2217.26","64.0","Colorado Springs, co","True"
"user-LXo-878","2023-04-13","2024-08-14","816.74","39.0","Milwaukee, WI","True"
"user-Kit-199","07/19/23","August 26, 2024","","61.0","Oakland, CA","False"
"user-okD-203","August 13, 2023","04/06/25","1388.45","66.0","Denver, CO","True"
"user-Lic-505","06/06/23","February 02, 2025","$126.12","49.0","Phoenix, AZ","False"
"user-VEf-296","May 15, 2023","2025-03-14","1321.82","68.0","Denver, CO","False"
"user-kSD-324","03/03/23","pending","","67.0","Raleigh, NC","False"
"user-DUm-791","2024-06-02","July 02, 2025","2151.73","","New York, NY","False"
"user-Mwh-752","10/13/23","February 16, 2025","$783.48","44.0","Seattle, WA",""
"user-bGa-700","2022-10-26","July 02, 2025","2477.85","61.0","El Paso, TX","False"
"user-Bct-841","not-a-date","2024-08-21","1418.34","71.0","Colorado Springs, CO","True"
"user-iyU-362","December 21, 2023","May 22, 2025","726.51","23.0","Albuquerque, nm","False"
"user-Dwv-347","2023-05-06","06/10/25","1401.92","","Columbus, OH","True"
"user-ZwP-119","May 30, 2023","02/14/25","1744.54","38.0","Colorado Springs, CO","True"
"user-ywh-402","April 29, 2024","02/19/25","401.37","44.0","Seattle, WA","True"
"user-VpM-166","2023-11-28","10/12/24","1259.27","56.0","Oklahoma City, OK","False"
"user-KqY-952","2023-01-27","August 24, 2024","1035.16","56.0","New Orleans, LA","False"
"user-AqV-225","April 02, 2024","November 17, 2024","1664.99","","Oklahoma City, OK","True"
"user-wRS-381","July 28, 2024","March 14, 2025","1449.76","16.0","Tulsa, OK","False"
"user-Rqp-683","12/11/22","pending","$1518.16","10.0","Seattle","False"
"user-yiR-372","not-a-date","January 25, 2025","2041.99","55.0","San Diego, CA","False"
"user-Wdk-676","not-a-date","2025-05-27","2044.23","54.0","Columbus, OH","False"
"user-DUH-544","May 23, 2023","12/18/24","674.59","73.0","San Jose, CA","True"
"user-mzX-970","2023-12-12","03/01/25","747.46","5.0","Portland, OR","True"
"user-fgx-943","08/09/22","2024-08-22","2454.89","25.0","San Diego, CA","True"
"user-ZnR-405","May 15, 2023","08/07/24","1546.09","28.0","Fresno, CA","False"
"user-tES-956","April 05, 2024","2024-12-07","788.7","0.0","Seattle, WA","True"
"user-OcO-256","2023-11-08","2025-07-28","2267.58","34.0","Fort Worth, TX","True"
"user-WrP-944","09/14/22","01/17/25","","49.0","Portland, OR","False"
"user-ZZL-604","12/31/23","August 30, 2024","240.8","60.0","Sacramento, CA","True"
"user-Stf-396","January 30, 2023","May 28, 2025","$1920.46","47.0","Memphis, TN","True"
"user-yxJ-146","04/02/24","11/12/24","1844.05","49.0","Baltimore, MD","True"
"user-vvd-918","2023-05-22","04/16/25","1620.71","39.0","Fresno, CA","True"
"user-slM-604","2024-05-02","05/21/25","493.65","53.0","San Jose, CA","True"
"user-Hit-122","2024-03-08","08/14/24","1420.92","66.0","Miami, FL","False"
"user-hiG-982","not-a-date","2024-12-13","1419.92","","Austin, TX","False"
"user-IFq-866","not-a-date","2025-06-12","1945.43","29.0","Colorado Springs, CO","True"
"user-khW-222","October 03, 2022","2025-01-11","1970.93","52.0","Dallas, TX","False"
"user-IXh-319","December 09, 2023","08/25/24","1215.77","52.0","Kansas City, mo","True"
"user-oRQ-874","2024-07-10","2024-08-14","413.12","53.0","Louisville, KY","False"
"user-ERG-757","11/12/22","06/06/25","551.56","68.0","","False"
"user-GrY-428","June 28, 2024","2024-10-09","1046.19","14.0","Indianapolis, IN","False"
"user-QUE-947","March 05, 2024","October 15, 2024","","74.0","Arlington, TX","True"
"user-qeW-258","2023-11-14","2025-02-02","875.13","55.0","Mesa, AZ","False"
"user-mAa-416","2023-06-14","May 08, 2025","","0.0","Kansas City, mo","True"
"user-gjs-745","June 22, 2024","2025-02-02","1140.75","40.0","El Paso, TX","False"
"user-Cuq-253","November 23, 2022","December 20, 2024","1244.18","64.0","Oklahoma City, OK","False"
"user-NSx-925","12/15/22","21","1894.39","52.0","Mesa, AZ","True"
"user-QmB-219","03/29/23","10/07/24","1331.14","38.0","Fresno, CA","True"
"user-Nkc-930","September 05, 2022","February 19, 2025","1460.04","15.0","Washington, dc","True"
"user-jsS-703","2024-02-23","01/14/25","534.41","18.0","Indianapolis, IN",""
"user-kKD-880","April 04, 2023","2025-03-10","2111.58","70.0","San Diego, CA","True"
"user-GyX-498","December 31, 2022","pending","","8.0","Tucson, AZ","False"
"user-Oqc-477","September 01, 2022","2024-10-18","1134.26","14.0","Oklahoma City, ok","True"
"user-BoY-360","03/10/24","2025-04-18","2157.94","55.0","Minneapolis, mn","True"
"user-QwL-813","July 14, 2023","12/10/24","921.87","18.0","Arlington, TX","False"
"user-hSI-869","October 15, 2022","24","$1814.45","1.0","San Antonio, TX","True"
"user-vqY-356","03/20/23","2025-07-30","","65.0","Sacramento, CA","True"
"user-mcO-393","March 09, 2024","06/08/25","1262.09","55.0","El Paso, TX","True"
"user-vrY-458","January 11, 2023","2025-03-05","1867.25","10.0","Jacksonville","False"
"user-IRE-898","05/18/23","pending","1360.81","20.0","Denver, CO","True"
"user-zgJ-385","2022-08-15","September 11, 2024","1477.27","19.0","Memphis, TN","True"
"user-qjp-696","04/22/24","pending","1435.32","53.0","Raleigh, NC","False"
"user-ShD-690","May 26, 2023","July 17, 2025","1257.4","61.0","San Antonio, TX","False"
"user-YcE-387","May 19, 2024","2025-07-07","1450.31","32.0","Nashville, TN","True"
"user-ROV-373","08/13/22","April 02, 2025","363.34","3.0","El Paso, TX","True"
"user-bDF-890","July 29, 2023","August 08, 2024","1495.42","36.0","Los Angeles, CA","False"
"user-RVw-664","09/22/23","January 15, 2025","16.33","61.0","Virginia Beach, va","True"
"user-qAo-630","2022-09-04","11/10/24","852.15","66.0","Detroit, MI","True"
"user-Pee-530","October 13, 2023","03/06/25","1903.59","","Mesa, AZ","True"
"user-Fct-483","November 20, 2023","July 23, 2025","1209.81","","Seattle, WA","False"
"user-NSd-233","April 04, 2023","2025-06-08","2380.37","16.0","Charlotte, NC","True"
"user-clP-122","06/10/23","10/08/24","678.72","58.0","Columbus, OH","False"
"user-LxJ-192","03/24/24","February 19, 2025","907.23","35.0","San Antonio, TX","True"
"user-DEz-594","05/26/24","pending","292.98","36.0","Oakland, CA","True"
"user-rey-765","April 04, 2023","10/25/24","1833.31","36.0","Jacksonville, FL","True"
"user-Hvb-136","November 21, 2023","2024-11-25","","2.0","","False"
"user-oVP-653","2023-12-02","November 06, 2024","$252.35","32.0","Columbus, OH","False"
"user-era-344","05/14/23","2025-02-17","1465.13","26.0","San Francisco, CA","True"
"user-nXd-925","2023-03-14","November 05, 2024","1809.04","38.0","Minneapolis, MN","True"
"user-NiB-532","July 05, 2024","02/27/25","1694.04","68.0","Los Angeles, ca","True"
"user-bdA-421","not-a-date","05/08/25","864.08","52.0","Miami, FL","False"
"user-kZf-214","not-a-date","February 13, 2025","","1.0","Miami, FL","True"
"user-Txo-984","03/17/24","2025-04-19","309.55","12.0","Atlanta, GA","True"
"user-Vvn-605","04/30/24","September 18, 2024","516.13","","Seattle, WA","True"
"user-eMA-438","2023-06-18","02/15/25","$549.57","67.0","Kansas City, MO","True"
"user-KCF-762","10/07/22","August 24, 2024","1078.7","37.0","Los Angeles, CA","True"
"user-QAO-529","October 16, 2023","10/10/24","2273.55","","San Antonio, TX",""
"user-uoE-815","September 20, 2023","03/19/25","2410.34","34.0","San Francisco, CA","False"
"user-Ykp-555","February 26, 2023","June 16, 2025","1763.63","2.0","Oakland, CA","True"
"user-WAt-118","11/03/22","June 22, 2025","290.26","","Portland, OR","True"
"user-Kjj-414","01/26/24","01/26/25","$532.67","66.0","Austin, TX","True"
"user-sue-692","November 25, 2023","pending","1542.65","26.0","Albuquerque, nm","False"
"user-uCz-978","01/28/23","12/20/24","1225.88","8.0","Boston, MA","True"
"user-DrF-614","July 12, 2023","2024-11-07","1295.73","26.0","Washington, DC",""
"user-HTU-718","10/09/23","June 23, 2025","682.78","39.0","El Paso, TX","False"
"user-eGQ-776","2024-03-30","10","1526.39","48.0","Boston, MA","False"
"user-TPA-179","01/04/24","December 14, 2024","2224.61","18.0","Mesa, AZ",""
"user-ouv-238","not-a-date","pending","1454.65","44.0","Philadelphia, PA","True"
"user-ruI-922","January 29, 2023","12/28/24","344.95","73.0","Boston, MA","False"
"user-DpG-222","January 14, 2024","12/22/24","948.93","55.0","Mesa, AZ","False"
"user-imq-275","2024-01-03","pending","","62.0","San Francisco","True"
"user-pmN-310","December 21, 2022","02/28/25","240.29","61.0","Boston, MA","True"
"user-AQf-117","04/29/24","2025-02-20","52.16","10.0","Los Angeles, CA","False"
"user-xun-601","2024-05-16","February 23, 2025","82.09","43.0","Seattle, WA","False"
"user-Ugl-374","2022-09-06","pending","461.16","5.0","","True"
"user-cfl-179","2022-10-07","04/26/25","942.99","1.0","Oklahoma City, OK","False"
"user-itR-758","02/12/24","January 24, 2025","2421.86","74.0","Houston, TX","True"
"user-HCQ-922","05/13/23","November 22, 2024","1215.96","","Fresno, ca","False"
"user-bku-541","2024-05-05","23","1315.62","4.0","Las Vegas, NV","False"
"user-IdJ-839","2023-01-10","November 20, 2024","","28.0","Philadelphia, PA","False"
"user-NvE-456","08/13/23","2025-06-23","","","Boston, MA","False"
"user-TTx-866","2023-07-13","2024-12-23","1073.39","55.0","Miami, fl","True"
"user-jQa-200","04/06/24","2025-07-25","173.72","40.0","Arlington, TX","False"
"user-iFy-248","06/11/24","April 23, 2025","1230.33","","New Orleans, LA","False"
"user-lhv-966","February 05, 2023","February 09, 2025","1210.14","74.0","Austin, TX","False"
"user-wQm-920","March 08, 2024","2025-04-27","74.22","24.0","Minneapolis, mn","False"
"user-xtu-482","2022-10-18","May 19, 2025","800.83","43.0","Charlotte, NC","False"
"user-ASo-516","2023-05-31","24","1539.22","34.0","Omaha, NE",""
"user-dqE-164","2024-02-02","July 30, 2024","849.07","48.0","New Orleans, LA","False"
"user-qtE-319","01/04/24","2025-06-23","","43.0","Oakland, ca","False"
"user-eVm-145","August 10, 2023","November 12, 2024","1400.31","2.0","Boston, MA","False"
"user-uXf-255","2023-06-19","August 27, 2024","602.74","47.0","Kansas City, MO","False"
"user-dXp-466","2023-05-22","12/31/24","1073.0","53.0","Minneapolis, MN","True"
"user-gMT-493","09/26/23","January 03, 2025","87.42","70.0","Houston, TX","True"
"user-hdO-193","11/05/22","May 20, 2025","809.23","24.0","Omaha","False"
"user-cxJ-448","05/24/23","2025-01-07","1924.29","11.0","San Francisco, CA","True"
"user-kCJ-648","06/28/23","August 19, 2024","2301.48","38.0","Houston, TX","True"
"user-lPs-554","2024-07-04","2025-04-12","2424.68","","Denver, CO","True"
"user-Zbs-851","March 24, 2023","12/18/24","$2399.73","75.0","Omaha, NE","False"
"user-jtX-958","November 03, 2023","November 15, 2024","2140.23","70.0","Los Angeles, CA","False"
"user-pIJ-962","2023-07-31","03/20/25","","5.0","San Diego, CA","True"
"user-EPl-535","March 02, 2024","11/02/24","2219.55","62.0","Phoenix, AZ","True"
"user-BRv-400","2024-05-20","30","1274.58","14.0","Omaha, ne","True"
"user-sYG-142","January 01, 2023","November 02, 2024","165.78","39.0","Albuquerque, nm","False"
"user-wSF-479","07/06/23","11/03/24","647.05","56.0","Nashville, TN","False"
"user-bHL-366","10/02/23","2025-07-21","$1130.17","1.0","Sacramento, CA","True"
"user-foa-550","January 19, 2023","pending","123.65","38.0","New York, NY","False"
"user-eeS-540","2023-01-26","08/12/24","2211.79","38.0","Washington, DC","True"
"user-Yui-234","not-a-date","November 16, 2024","975.34","34.0","Colorado Springs, CO",""
"user-mOA-568","2024-05-22","09/13/24","1419.43","66.0","Houston, TX","True"
"user-lev-332","not-a-date","July 07, 2025","471.7","62.0","San Antonio, TX",""
"user-yiv-498","10/14/23","04/21/25","598.16","15.0","Memphis, TN","True"
"user-JHk-352","July 20, 2024","December 16, 2024","2077.27","38.0","Baltimore, MD","False"
"user-ToC-581","2023-02-03","pending","2202.92","34.0","Phoenix, AZ","False"
"user-rYD-653","01/28/24","April 20, 2025","244.45","","Tucson, az","False"
"user-BJS-343","01/22/24","09/16/24","1573.82","20.0","Sacramento, CA","False"
"user-QBi-979","09/06/22","10/13/24","1775.54","3.0","Tucson, AZ","False"
"user-Zme-644","2022-10-22","21","1652.72","9.0","Austin, TX","False"
"user-ofM-587","07/02/24","September 11, 2024","2185.98","51.0","Milwaukee, WI","False"
"user-IvA-477","2023-02-08","2025-02-13","$341.46","35.0","Charlotte, nc","False"
"user-wNI-487","02/21/23","2025-07-30","1833.57","14.0","Detroit, MI","False"
"user-WHh-618","08/24/22","2025-06-26","","45.0","Jacksonville, FL","False"
"user-xUc-197","06/23/23","February 10, 2025","191.01","71.0","Minneapolis, MN","True"
"user-xoU-167","April 20, 2024","14","287.6","21.0","Portland","False"
"user-vsw-620","2024-06-23","10/18/24","2445.05","57.0","Las Vegas, NV","False"
"user-czg-249","10/19/22","06/06/25","","39.0","Las Vegas, NV","True"
"user-RNj-245","February 22, 2024","02/03/25","653.34","9.0","Seattle, WA","True"
"user-PGC-763","2023-04-18","2024-09-02","","33.0","Fort Worth, TX","False"
"user-cvY-381","October 17, 2022","April 21, 2025","","72.0","Phoenix, AZ","True"
"user-XYj-137","2023-06-08","06/21/25","","12.0","Atlanta, GA","True"
"user-hNF-581","10/27/23","07/08/25","959.43","17.0","Kansas City, MO","False"
"user-rAB-335","02/07/24","December 08, 2024","1011.1","27.0","El Paso, TX","True"
"user-APi-751","2022-12-26","December 02, 2024","2360.64","6.0","San Jose, CA","True"
"user-BJL-169","2024-03-27","July 02, 2025","896.24","61.0","Tucson, AZ","False"
"user-CBj-822","2024-05-29","2025-06-10","904.02","25.0","Washington, DC","True"
"user-Tbj-310","2022-12-10","pending","753.92","42.0","Omaha, ne","False"
"user-hmY-301","2023-11-22","2025-06-16","1543.96","16.0","Fresno, CA","True"
"user-UXY-263","2022-09-01","pending","1464.19","42.0","Houston, TX","True"
"user-Prn-863","March 13, 2024","2024-11-17","1843.28","10.0","Indianapolis, IN","False"
"user-uVJ-118","05/20/23","2024-08-05","","46.0","Washington, dc","True"
"user-GtB-705","October 30, 2023","11/30/24","594.58","21.0","Austin, TX","False"
"user-PxE-821","January 15, 2023","December 01, 2024","1977.4","65.0","Los Angeles, CA","False"
"user-HTN-936","2024-07-18","12/21/24","896.37","49.0","Boston","False"
"user-qcq-749","July 17, 2024","01/04/25","310.81","33.0","Portland, OR","True"
"user-aBq-520","2022-09-10","12/28/24","1345.94","","New York, NY","False"
"user-Rni-369","06/28/24","06/05/25","207.34","3.0","Albuquerque, NM","False"
"user-vPu-228","June 04, 2024","October 15, 2024","888.38","2.0","Las Vegas, NV","True"
"user-TBD-953","October 12, 2023","November 08, 2024","2397.11","33.0","Oklahoma City, OK","False"
"user-avI-928","06/13/23","August 26, 2024","1154.59","48.0","","False"
"user-YhK-833","October 28, 2022","2024-11-16","2110.72","60.0","El Paso, TX","False"
"user-LnS-725","2023-10-31","2024-12-12","2001.09","45.0","Oklahoma City, OK","True"
"user-FdC-926","2024-02-03","2025-02-27","1896.38","60.0","Philadelphia, pa","False"
"user-Nep-417","2023-04-14","2024-12-25","2124.84","30.0","Charlotte, NC","False"
"user-NKl-135","2022-10-20","01/27/25","2298.9","30.0","El Paso, TX","False"
"user-cZm-266","December 15, 2022","August 28, 2024","463.29","4.0","","True"
"user-ilU-781","November 05, 2023","06/08/25","2137.33","63.0","Fort Worth, TX","True"
"user-Pop-910","2023-05-21","12/01/24","1940.0","37.0","Washington, DC","False"
"user-azL-760","09/24/23","24","560.27","46.0","New Orleans, LA","True"
"user-fqm-449","2022-10-01","2025-06-06","833.24","71.0","Atlanta, GA","False"
"user-shG-458","12/16/23","August 05, 2024","1374.59","64.0","Tulsa, OK","True"
"user-iJl-904","09/24/23","08/23/24","441.8","43.0","Phoenix, AZ","False"
"user-hnT-121","September 17, 2023","2024-08-15","811.86","32.0","Seattle, WA",""
"user-ERp-349","2022-12-03","2025-05-08","1229.15","49.0","El Paso, TX","True"
"user-cyB-253","10/10/23","10/09/24","1321.97","29.0","Boston, ma","True"
"user-cKy-165","2023-06-30","01/04/25","726.8","43.0","Chicago, IL","True"
"user-fdM-673","April 17, 2024","11/30/24","499.71","45.0","Colorado Springs, CO","True"
"user-xgJ-970","2024-06-22","2025-02-01","769.74","1.0","Jacksonville, FL","True"
"user-KnG-631","not-a-date","2025-03-13","","37.0","Detroit, MI","False"
"user-kKz-499","11/26/23","12","887.14","60.0","Indianapolis, IN","False"
"user-rSv-682","06/30/24","21","2308.9","2.0","","True"
"user-QYh-456","2022-09-10","October 13, 2024","389.22","0.0","Miami, FL","True"
"user-aby-410","not-a-date","2025-02-18","586.33","24.0","Las Vegas, nv","False"
"user-EnV-148","04/08/23","January 30, 2025","","46.0","Albuquerque, nm","True"
"user-Ehy-490","December 26, 2023","2025-02-28","618.14","45.0","Oakland, CA","True"
"user-JjW-697","October 02, 2023","01/26/25","1464.28","37.0","Oklahoma City, OK",""
"user-iSR-612","2022-11-26","December 19, 2024","723.59","72.0","Phoenix, AZ","True"
"user-Cmc-958","10/12/22","2025-03-09","1497.16","42.0","Colorado Springs, CO","True"
"user-csK-351","February 17, 2023","2024-12-03","2061.2","61.0","Atlanta, GA","False"
"user-JVr-477","2024-04-11","pending","1980.48","57.0","Denver, CO","True"
"user-ICm-650","03/08/23","March 03, 2025","1882.21","","Boston, MA","False"
"user-Igo-884","February 22, 2024","2025-06-12","","64.0","San Diego, CA","False"
"user-vLz-640","March 05, 2024","03/27/25","","14.0","Minneapolis, MN","False"
"user-KhV-739","August 20, 2023","2025-04-26","585.26","63.0","Portland, OR","False"
"user-bjp-379","2023-08-29","February 04, 2025","$1172.12","20.0","Houston, TX","False"
"user-WGH-288","02/10/23","07/29/25","613.32","20.0","Tulsa, OK","True"
"user-QwT-513","05/19/24","2024-11-26","1752.87","73.0","Milwaukee, WI","False"
"user-inE-501","December 19, 2023","2025-04-19","2151.76","0.0","Washington, DC","True"
"user-uVc-359","07/20/23","2025-04-18","552.04","10.0","Austin, tx","False"
"user-PMA-216","August 24, 2023","2025-05-09","94.19","32.0","Milwaukee","False"
"user-hbd-692","not-a-date","2025-06-15","2484.09","39.0","Portland, OR","True"
"user-lfS-448","July 15, 2023","01/11/25","68.78","69.0","Columbus, OH","True"
"user-KFv-881","2024-03-24","12/14/24","1201.04","0.0","San Jose, CA",""
"user-sjq-806","July 10, 2023","11/06/24","201.03","0.0","Mesa, AZ","False"
"user-Xxy-694","09/11/22","2024-09-20","804.51","74.0","Oklahoma City, OK","False"
"user-aLR-317","07/08/23","01/05/25","531.9","38.0","San Antonio, TX","True"
"user-gPw-159","2023-01-01","02/03/25","1680.24","63.0","Houston, TX","False"
"user-bRh-740","2024-07-16","April 27, 2025","","72.0","Colorado Springs, CO","False"
"user-hAS-223","2023-01-02","2025-01-23","759.77","15.0","Albuquerque, NM","True"
"user-CSm-917","05/18/24","2024-11-06","1739.08","4.0","Houston, TX","False"
"user-weI-584","2023-12-09","2024-09-25","2496.71","20.0","Fresno, CA","False"
"user-IAO-877","February 02, 2023","2024-10-08","2484.5","63.0","Baltimore, MD",""
"user-DHC-545","2023-08-08","July 25, 2025","","10.0","","True"
"user-zBr-944","2023-09-21","2025-03-01","2147.46","38.0","Oakland, CA","False"
"user-kqd-343","August 11, 2022","01/21/25","1891.32","11.0","Houston, TX","False"
"user-har-485","May 31, 2023","December 23, 2024","757.39","58.0","Detroit, MI","False"
"user-pTW-102","09/06/22","05/17/25","716.0","40.0","Oklahoma City, OK","False"
"user-aPt-500","08/12/23","2024-10-18","2147.97","38.0","Tucson, AZ","True"
"user-awU-260","2023-10-09","2025-01-13","502.4","37.0","Memphis, TN","True"
"user-MFu-249","December 03, 2023","May 31, 2025","2333.25","28.0","Tulsa, OK","True"
"user-FPs-285","September 18, 2023","February 05, 2025","1554.83","30.0","San Antonio, TX","False"
"user-evI-314","2024-07-22","October 13, 2024","2451.31","4.0","Albuquerque, nm","False"
"user-CUF-268","11/03/22","2024-09-19","988.21","57.0","","True"
"user-IbX-177","2024-06-02","25","1092.9","58.0","Las Vegas, NV","True"
